<?xml version="1.0" encoding="utf-8"?>
<odoo>
	<data>
		<!-- Multi - Company Rules -->
		<record model="ir.rule" id="wc_instance_comp_rule">
			<field name="name">WooCommerce Instance multi-company</field>
			<field name="model_id" ref="model_wc_instance_cft" />
			<field name="global" eval="True" />
			<field name="domain_force">['|',('company_id','=',False),('company_id','child_of',[user.company_id.id])]
			</field>
		</record>

		<record model="ir.module.category" id="module_wc">
			<field name="name">WooCommerce</field>
			<field name="description">WooCommerce User Access Rights</field>
			<field name="sequence">100</field>
		</record>

		<record model="res.groups" id="group_wc">
			<field name="name">User</field>
			<field name="implied_ids"
				eval="[(4,ref('sales_team.group_sale_manager')),(4,ref('stock.group_tracking_lot')),(4,ref('account.group_account_invoice'))]" />
			<field name="category_id" ref="module_wc" />
		</record>
		<record model="res.groups" id="group_wc_manager">
			<field name="name">Manager</field>
			<field name="category_id" ref="module_wc" />
			<field name="implied_ids" eval="[(4, ref('group_wc'))]" />
			<field name="users" eval="[(4, ref('base.user_root'))]" />
		</record>
		<record model="res.groups" id="group_wc_debug">
			<field name="name">Show WooCommerce Debug Info</field>
		</record>
		
		<record model="res.users" id="base.user_root">
			<field eval="[(4,ref('woo_odoo_cft.group_wc_manager'))]"
				name="groups_id" />
		</record>
		<record model="res.users" id="base.user_admin">
			<field eval="[(4,ref('woo_odoo_cft.group_wc_manager'))]"
				name="groups_id" />
		</record>
	</data>
</odoo>